{"sections":{"main":{"type":"about-us1","disabled":true,"settings":{}},"gp_text_5_xwxCTj":{"type":"gp-text-5","settings":{"content":"","text_alignment":"center","heading_color":"#000000","text_color":"#000000","link_color":"#000000","link_hover_color":"#c61932","fullwidth":false,"background_color":"","background_cover":false,"background_parallax":false,"background_repeat":"no-repeat","background_pos_x":"center","background_pos_y":"center","padding_top":20,"padding_bottom":0,"padding_left":0,"padding_right":0,"margin_top":90,"margin_bottom":90}},"sp_video_with_text_jn9wXk":{"type":"sp-video-with-text","settings":{"override_fonts":false,"text_font":"sans-serif","headline_font":"sans-serif","text_size":15,"text_line_height":"1.5","text_color":"#111111","headline_size":50,"headline_line_height":"1.15","headline_color":"#f5826f","background_color":"linear-gradient(164deg, rgba(255, 255, 255, 1), rgba(255, 255, 255, 1) 100%)","max_width":1500,"grid_gap":20,"padding_top":0,"padding_bottom":25,"padding_left":50,"padding_right":50,"element_spacing":15,"video_location":"right","video_aspect_ratio":"16 \/ 9","alignment":"center","headline":"<strong>Where Every Petal Tells a Story<\/strong>","content":"<p>Discover an enchanting floral experience meticulously designed to transport you into a world of beauty, grace, and luxury. <\/p>","link_text":"Visit our Physical Store","link":"","video":"shopify:\/\/files\/videos\/FS_1.mp4","video_inline":true,"video_autoplay":true,"video_loop":true,"video_controls":false,"video_muted":true,"big_play_pause_button":false,"media_radius":11,"media_shadow":true,"button_background_color":"linear-gradient(164deg, rgba(245, 130, 111, 1) 64%, rgba(252, 218, 241, 1) 96%)","button_text_color":"#ffffff","button_text_size":15,"button_padding_tb":10,"button_padding_lr":25,"button_border_radius":25}},"sp_rich_text_grid_UwXVY4":{"type":"sp-rich-text-grid","blocks":{"text_Vmbxcm":{"type":"text","settings":{"alignment":"center","text":"<h1><strong>More than just flowers...<\/strong><\/h1><p>We are a statement of sophistication and a celebration of life’s most precious moments. Whether for a special occasion or simply to brighten your day, our floral designs are crafted with passion and precision to leave a lasting impression.<\/p>"}}},"block_order":["text_Vmbxcm"],"settings":{"text_font":"sans-serif","text_size":16,"text_line_height":"1.5","headline_font":"sans-serif","headline_line_height":"1.15","headline_size":38,"background_color":"linear-gradient(164deg, rgba(255, 255, 255, 1), rgba(255, 255, 255, 1) 100%)","text_color":"#111111","headline_color":"#f5826f","max_width":700,"grid_gap":25,"padding_top":25,"padding_bottom":25,"padding_left":10,"padding_right":10,"element_spacing":15}},"sp_image_swap_grid_ybbLtR":{"type":"sp-image-swap-grid","blocks":{"feature_d4BLdz":{"type":"feature","settings":{"background_image":"shopify:\/\/shop_images\/DSC04349-Enhanced-NR.jpg","swap_image":"shopify:\/\/shop_images\/Right.png","headline":"<strong>Our Philosophy <\/strong>","cta":"We believe that flowers are storytellers, each petal whispering a unique tale of love, celebration, or remembrance.","cta_link":""}},"feature_hG8Fhp":{"type":"feature","settings":{"background_image":"shopify:\/\/shop_images\/DSC04191.jpg","swap_image":"shopify:\/\/shop_images\/VRLRB7.png","headline":"<strong>Our Commitment<\/strong>","cta":"We arecommitted to translating these stories into exquisite floral creations thatevoke emotions and create lasting memories.","cta_link":""}},"feature_yEiHRK":{"type":"feature","disabled":true,"settings":{"headline":"<b>Feature Headline<\/b>","cta":"<b>Shop Now<\/b>","cta_link":""}}},"block_order":["feature_d4BLdz","feature_hG8Fhp","feature_yEiHRK"],"settings":{"text_font":"sans-serif","text_size":15,"headline_font":"sans-serif","headline_size":44,"background_color":"linear-gradient(164deg, rgba(255, 255, 255, 1), rgba(255, 255, 255, 1) 100%)","cover_background":"linear-gradient(172deg, rgba(245, 130, 111, 1), rgba(85, 85, 85, 0.76) 43%)","cover_opacity":40,"button_background_color":"linear-gradient(0deg, rgba(255, 0, 0, 0), rgba(245, 157, 118, 0) 25%, rgba(245, 182, 124, 0) 35%, rgba(245, 157, 118, 0.01) 100%)","button_text_color":"#ffffff","text_color":"#ffffff","aspect_ratio":"1 \/ 1","max_width":1000,"grid_gap":20,"padding_top":25,"padding_bottom":25,"padding_left":10,"padding_right":10,"media_radius":5,"media_shadow":true}},"17219055699aab2c8e":{"type":"apps","blocks":{"instafeed_app_block_dVwhQ4":{"type":"shopify:\/\/apps\/instafeed\/blocks\/app-block\/c447db20-095d-4a10-9725-b5977662c9d5","settings":{"title":"","title_color":"#f5826f","title_size":50,"alignment":"center","margin_top":30,"margin_bottom":30,"margin_sides":50,"html_area":""}}},"block_order":["instafeed_app_block_dVwhQ4"],"settings":{}}},"order":["main","gp_text_5_xwxCTj","sp_video_with_text_jn9wXk","sp_rich_text_grid_UwXVY4","sp_image_swap_grid_ybbLtR","17219055699aab2c8e"]}